,location_id,location,enodeb_share,onx_avg_initialbufferinterval_overall,cei_score,call_setup_success_rate,ccsr_voice_rate
0,1101,SIMEULUE,98.81988930920687,3894.7559091371586,39.20288885845603,99.37652552562022,99.07295127836792
1,1102,ACEH SINGKIL,70.84656262161067,3814.6463113275613,47.25955235404061,98.9566138445636,98.80390782917297
2,1103,ACEH SELATAN,90.04248345696573,4210.374870973254,43.58908348323948,99.46758939676894,99.38851465925481
3,1104,ACEH TENGGARA,90.79103618615619,5796.215219203454,35.13963158059404,98.62331613515005,99.0518866758633
4,1105,ACEH TIMUR,81.57523375344023,5000.427586475966,44.20675317684635,99.39288087158138,99.15986176864345
5,1106,ACEH TENGAH,93.3201719929128,4797.4826240288385,53.885892479684685,98.550241327167,99.0766701419157
6,1107,ACEH BARAT,79.47347827308288,4046.9321762419872,51.44760382759521,99.48651112795193,99.04319307373872
7,1108,ACEH BESAR,72.16777854122412,3634.013058376259,60.26721534605012,99.4528697494282,99.25083534423248
8,1109,PIDIE,72.43109756449525,4026.2506274805564,57.36388702045393,99.61092684894922,99.16258460276617
9,1110,BIREUEN,76.50039668394663,3990.053228161464,54.835627051623234,99.45548418113306,99.26884305773757
10,1111,ACEH UTARA,76.57662510418396,4208.515986332219,54.72265949651384,99.3986593522913,99.09644938510263
11,1112,ACEH BARAT DAYA,83.34968315756478,4462.564250841751,51.32748643065179,99.5071196353237,99.48030902995089
12,1113,GAYO LUES,100.0,5057.328887686388,40.323263639464656,99.16638978755003,99.00612583786233
13,1114,ACEH TAMIANG,69.4967061822822,4400.4585590309825,45.8701884747627,99.5816299095476,98.94537129610484
14,1115,NAGAN RAYA,86.56492633983169,5018.420891654643,57.49462370523773,99.27317355644847,98.90897330245515
15,1116,ACEH JAYA,96.23110766759348,4422.305292207793,54.76649984513449,99.44579328387687,99.13039179056469
16,1117,BENER MERIAH,88.54683623403213,4639.336480930777,53.255750439361215,97.92137693056334,99.03530247282794
17,1118,PIDIE JAYA,77.71730581956153,4377.056671373288,58.5544097776396,99.56224000632838,99.34688314648909
18,1171,KOTA BANDA ACEH,78.55305979530118,3651.581262479859,63.0038961662428,99.54487813638872,99.39090052343275
19,1172,KOTA SABANG,80.12531817681545,3103.3454520975056,53.237878665268624,99.51742943411264,99.11713298368986
20,1173,KOTA LANGSA,72.47656864327874,3575.3789244100794,53.575084948201905,99.67036236395194,99.37956879980419
21,1174,KOTA LHOKSEUMAWE,78.8906467152326,3732.4158028311012,57.350893959321006,99.63186525190734,99.43157112568016
22,1175,KOTA SUBULUSSALAM,73.66854428552679,4263.908149092971,44.45389829201635,99.17791316666862,98.96789187202319
23,1201,NIAS,86.59961685823755,5809.6861805555545,44.62110563125645,98.55896272326443,98.37847269982672
24,1202,MANDAILING NATAL,73.250990762763,5613.389476762345,45.25831500022939,98.85471302798243,98.65014371766682
25,1203,TAPANULI SELATAN,75.25552945673472,4723.864279493655,47.41670420448705,99.04979237586414,98.8986548123566
26,1204,TAPANULI TENGAH,79.09805195836427,4041.8487386496945,43.02619479847722,99.35066489910537,99.3107672936141
27,1205,TAPANULI UTARA,82.34198476145734,5043.123395863397,39.93399245714018,98.95917392186976,99.07895173193447
28,1206,TOBA SAMOSIR,79.40376407398409,4439.6161037717075,42.657256370342466,98.77481852994026,99.06471071469977
29,1207,LABUHAN BATU,73.5780106074152,4250.8222978505455,50.58382977842416,99.23977404988922,99.03899311214074
30,1208,ASAHAN,66.26450797306634,4098.838359006957,47.83375495996606,99.28190847870798,99.26118176019196
31,1209,SIMALUNGUN,57.87753473309813,4291.293870865087,49.28731361699488,99.34058061116426,99.08222370341471
32,1210,DAIRI,59.221492076588426,5040.308728209848,42.312259327034894,99.14573427076525,98.84140965896044
33,1211,KARO,64.66474941186952,4128.479973248859,43.131475014418534,99.25610311262903,99.19326698500302
34,1212,DELI SERDANG,52.047098250693445,3933.558976666578,51.34794078125863,98.75211788505956,99.77836929771344
35,1213,LANGKAT,62.19687948738583,4021.629463583873,47.488098901242026,99.34153829604631,99.70643509382765
36,1214,NIAS SELATAN,92.67241379310344,5313.278866248695,44.39945081065453,98.28798502187688,98.57119667053024
37,1215,HUMBANG HASUNDUTAN,73.02805575650403,4856.121141975309,38.488417308588765,98.9058172463759,99.01052489246212
38,1216,PAKPAK BHARAT,79.21360153256704,5869.45064102564,39.16319865790568,99.29360928299957,98.95418512605625
39,1217,SAMOSIR,80.87596874615132,5038.169378306879,39.42492699371873,99.32665118876398,99.10728015406391
40,1218,SERDANG BEDAGAI,51.60235872295827,4331.284420796782,47.116757201734956,96.5494482604081,99.72497168936746
41,1219,BATU BARA,63.80886519419084,4659.004056105145,49.1660866370044,99.47175637052537,99.05733981320041
42,1220,PADANG LAWAS UTARA,82.73625318298771,5836.665454358859,42.65090052375213,99.01352252387362,98.43541505527304
43,1221,PADANG LAWAS,76.57705203829201,4538.833838121302,53.27593465153221,99.15951793996314,98.83664346099242
44,1222,LABUHAN BATU SELATAN,79.96442159374278,5425.0516170102255,38.740430833533935,99.29481795397504,98.79767076325003
45,1223,LABUHAN BATU UTARA,68.33888653397551,4889.632572242574,40.93237142491128,98.97368565635655,98.62790979430929
46,1224,NIAS UTARA,75.45977011494253,6307.185714285713,43.41186665563556,99.11201466365031,98.59094961346463
47,1225,NIAS BARAT,83.16091954022988,7294.976785714285,39.98131518585794,98.07038177318007,98.64177961820144
48,1271,KOTA SIBOLGA,72.93208722135407,4524.0799315818285,51.11826413532359,99.62178476631453,99.70576242612901
49,1272,KOTA TANJUNG BALAI,70.07156639940676,4597.369400553151,40.45735356326264,99.62499364974268,99.49997479935514
50,1273,KOTA PEMATANG SIANTAR,58.72730780540235,3778.524002652556,58.39754930917618,99.65641453549134,99.37974619596301
51,1274,KOTA TEBING TINGGI,61.752737158289236,3854.6711582399084,54.800223646114276,99.49240755986463,99.81051613358687
52,1275,KOTA MEDAN,58.12798344746216,3608.287200871114,55.0258977808155,99.44044006076311,99.86775574045699
53,1276,KOTA BINJAI,59.78859567883639,3567.421761173369,59.45933763960042,99.61470442370029,99.85117579225832
54,1277,KOTA PADANG SIDEMPUAN,59.525134049626544,3855.5631401074415,59.308631583005365,99.5082951060619,99.585356480967
55,1278,KOTA GUNUNGSITOLI,99.1813765020447,5222.030065027566,42.302503922683854,99.21067426282812,99.34099740661267
56,1301,KEPULAUAN MENTAWAI,98.27586206896552,4975.246438834154,55.989657470214155,99.50784484284692,99.06459537803721
57,1302,PESISIR SELATAN,73.10976679024608,4232.71790402315,53.53692162875858,99.4586620678937,99.31993429328887
58,1303,SOLOK,72.9335486447051,4093.877399760344,56.91269911152542,99.31554520230367,99.17849963029076
59,1304,SIJUNJUNG,91.53529090147208,4276.262771395272,57.52323575433287,99.57447513014134,98.96222113710215
60,1305,TANAH DATAR,68.94954860181204,4089.8107736546503,63.540915523595416,99.69261306361504,99.23631381917025
61,1306,PADANG PARIAMAN,66.67675271991952,4508.541753170657,53.37909469169257,99.67162931080654,98.82499369286404
62,1307,AGAM,65.8678867154853,4146.441692578337,56.566155447908955,99.3089140989762,98.9711969187311
63,1308,LIMA PULUH KOTA,73.94328800967496,4213.004016634197,58.89399555049588,99.36837272801117,99.20585400462414
64,1309,PASAMAN,83.79644956451222,4032.0358370795866,50.128699983940315,99.46388904470676,99.22664599400892
65,1310,SOLOK SELATAN,93.45229609557121,4423.148563011064,46.74658106274094,99.52323497231332,98.95282047298109
66,1311,DHARMASRAYA,81.14406196584285,4319.56437174825,57.464959217010204,99.6482497506316,99.01598883285601
67,1312,PASAMAN BARAT,79.14911568091321,4265.776057726571,54.7952991447426,99.36493620235589,99.09240480877963
68,1371,KOTA PADANG,65.94627902616665,3658.8772836084063,66.38044725247909,99.50084821306339,99.40942665528922
69,1372,KOTA SOLOK,75.0291126454552,3557.425350529101,65.26509679113184,99.62003307714144,99.40987446529185
70,1373,KOTA SAWAH LUNTO,81.61554339446548,4293.580041572185,59.19714592483573,99.63014027243361,98.9204931274432
71,1374,KOTA PADANG PANJANG,63.443373657858764,4044.9467460317455,63.9654787793927,99.61039292369534,99.26998369791767
72,1375,KOTA BUKITTINGGI,72.76181421895535,3878.9623230356256,66.02030319023315,99.64690288041439,99.44097090583884
73,1376,KOTA PAYAKUMBUH,68.78122855527224,3822.333640503016,64.43314347106711,99.66995234480284,99.38816760081832
74,1377,KOTA PARIAMAN,61.40562461565095,3466.16791005291,62.39517567594916,99.54459153743282,99.22040937194049
75,1401,KUANTAN SINGINGI,86.69427654676528,4247.122197964699,55.22454306750865,99.29595581311051,99.20494670744648
76,1402,INDRAGIRI HULU,77.51116473081812,4222.474174566314,55.57273693467623,98.55559010751057,99.04255008681338
77,1403,INDRAGIRI HILIR,83.65371301326937,4824.487818118777,52.34316283806872,99.15243993875004,98.57716583246213
78,1404,PELALAWAN,81.70871578391572,4444.030419031786,55.24612172289663,99.20014569280792,98.51667005649173
79,1405,S I A K,70.45154734161216,4303.095968957464,47.265440251608254,99.14120709949307,98.71979303959353
80,1406,KAMPAR,71.9121510681081,4184.276254257169,53.86245099123447,99.13642246208715,99.07761033635997
81,1407,ROKAN HULU,80.40287373511168,4742.203041234938,60.12453995040222,98.79335751765272,99.05904226303072
82,1408,BENGKALIS,75.45912659881935,4091.726658200596,60.186335080271775,99.37108744584754,98.96675832332349
83,1409,ROKAN HILIR,77.38172158284021,4391.526380998885,53.41142769101086,98.99960766279034,98.75983594574393
84,1410,KEPULAUAN MERANTI,83.3458213046892,4433.525137348248,58.91279387613712,99.2154551468695,98.60302619916575
85,1471,KOTA PEKANBARU,63.09871025067292,3731.394851310227,61.47818362946968,99.57884110960549,99.82242275439728
86,1473,KOTA DUMAI,73.92435581018611,3665.802660228528,65.38160243944401,99.00886821538937,99.22942820536583
87,1501,KERINCI,82.77225057404391,3430.8622715220504,64.96541916663423,99.55814107187489,99.83631907281497
88,1502,MERANGIN,71.0120649126541,4145.718539965866,52.83597053166693,99.1292715455137,99.77070517814515
89,1503,SAROLANGUN,75.19362377645281,4325.360200677591,54.62694918127188,98.93227453639759,99.71388398467758
90,1504,BATANG HARI,55.83532451761394,4750.187628094944,55.248292861495756,99.36384101565062,99.6708530251356
91,1505,MUARO JAMBI,55.649714912646125,4077.0863783155537,55.82796362153938,99.46730839210456,99.69841589504564
92,1506,TANJUNG JABUNG TIMUR,68.29770688106618,4633.067301402301,53.00080553502531,99.11259151039708,99.75195542171821
93,1507,TANJUNG JABUNG BARAT,59.6324013694297,3916.777510757145,53.51799427229905,99.16646345350179,99.76244900052495
94,1508,TEBO,65.1341118333901,4409.250348983805,51.808213766051,98.79664176762512,99.6973969768099
95,1509,BUNGO,59.94037504023767,3882.8571487639606,58.731891029730036,98.65403051966256,99.797918168136
96,1571,KOTA JAMBI,54.92450261862439,3267.00292916716,67.88076784787796,99.73288389012583,99.91330395020576
97,1572,KOTA SUNGAI PENUH,83.05832992464946,3657.702497594998,64.99271144239833,98.62586788919107,99.9290486112177
98,1601,OGAN KOMERING ULU,48.407994632074676,4069.8468183769846,51.68265957057385,99.34522561651525,99.66660026045658
99,1602,OGAN KOMERING ILIR,52.89529168510735,4480.239502110244,45.87639217759323,96.9691839694956,99.5012270389499
100,1603,MUARA ENIM,55.96142755636151,4055.6988339452428,52.652158356297846,99.34470703221629,99.60484398934332
101,1604,LAHAT,60.1605166043972,3964.7515575965044,47.32622179245247,99.331045494333,99.68662677120844
102,1605,MUSI RAWAS,70.60573860525862,4451.996529558763,44.281577876713826,99.21237772562449,99.58419702460259
103,1606,MUSI BANYUASIN,63.076450516805096,4478.348291737746,48.84730982341132,98.76757848916935,99.47216299617543
104,1607,BANYU ASIN,51.783868129567836,4245.093372376244,50.29473365204772,98.61951878413745,99.63705833590251
105,1608,OGAN KOMERING ULU SELATAN,61.90400718464065,4878.161392288268,45.59693937135421,98.6211954481546,99.68151154537446
106,1609,OGAN KOMERING ULU TIMUR,41.89483129821758,3995.545834264348,50.76576097744057,99.4079381645841,99.72328362573111
107,1610,OGAN ILIR,49.05348982114445,4129.286243705125,52.8279060997815,99.56143645317243,99.70202107048374
108,1611,EMPAT LAWANG,68.41889210338144,4048.366454570334,47.27872124241769,99.26820153877698,99.65003321046362
109,1612,PENUKAL ABAB LEMATANG ILIR,70.88030028784874,4808.111113671186,50.21780717323191,99.2833107924996,99.64388578738358
110,1613,MUSI RAWAS UTARA,80.5184011962483,4442.936230795067,51.46025127394969,99.13496251594907,99.53942001371558
111,1671,KOTA PALEMBANG,48.69197573155536,3432.8139688071305,61.020884329540145,99.69768696371844,99.90162006717455
112,1672,KOTA PRABUMULIH,51.074423504826626,3941.06625153879,55.91701682420923,99.66337972464672,99.83188047267392
113,1673,KOTA PAGAR ALAM,71.95454883942173,4893.584323712686,48.17910797288453,99.55640764148667,99.79618362688028
114,1674,KOTA LUBUK LINGGAU,59.87893888877453,3782.3043866272337,50.773796956534795,99.6273074126419,99.87650861666529
115,1701,BENGKULU SELATAN,77.7413187801586,3499.0033251231525,55.116148536227534,99.45128672517149,99.80338534584972
116,1702,REJANG LEBONG,52.122344638243646,3555.2922678710183,47.77630160971559,99.38005034185734,99.81022170516954
117,1703,BENGKULU UTARA,75.16059477290705,3801.3821607096615,45.31635470178933,98.72414416839439,99.74143056997028
118,1704,KAUR,81.32291535093259,4673.588690476191,54.9160145497337,99.2347107979864,99.69892212964274
119,1705,SELUMA,72.20382452312367,4486.208994252873,45.780079813189616,99.79025031913304,99.65805405371282
120,1706,MUKO MOKO,77.90098810244001,,44.30201503200422,99.60758637244764,99.86817565336334
121,1706,MUKO MUKO,73.57564186743184,3462.6941732804225,46.015635005006175,99.60135496005111,99.83636816960146
122,1707,LEBONG,73.0630836277388,5244.597518993352,45.67464383847846,99.46529143330679,99.80688492647464
123,1708,KEPAHIANG,54.03013405774341,5253.022356321839,45.909014471694476,99.46323986194406,99.72939342092465
124,1709,BENGKULU TENGAH,55.429955458860135,3524.629112909532,47.085789902743294,99.25021921753611,99.8207236116094
125,1771,KOTA BENGKULU,55.043612810126206,3633.3736326597327,49.520631793469136,99.82088112573047,99.86647714893996
126,1801,LAMPUNG BARAT,43.909955604126495,4086.0047510822515,59.420681057933905,99.10080389896416,99.70416183846393
127,1802,TANGGAMUS,45.64513269784008,3545.6619398401303,60.41662144885383,99.17449276424773,99.79837840436858
128,1803,LAMPUNG SELATAN,47.14611147559822,3638.058576879317,66.14577686839642,99.54277000328295,99.82969123127117
129,1804,LAMPUNG TIMUR,36.67596768176854,3807.2935134750323,61.47223801806827,99.69506251768904,99.7813188118929
130,1805,LAMPUNG TENGAH,41.48016780735823,3690.8694832244482,62.055338185984965,99.59473121566884,99.77265408228101
131,1806,LAMPUNG UTARA,40.76985494837486,4029.257107740219,64.31918702008565,99.60507696362066,99.77417597624772
132,1807,WAY KANAN,52.26842855141605,3949.7801592389096,59.04815653838133,99.23825803526742,99.69371065118676
133,1808,TULANG BAWANG,53.22483523956675,3790.2944248086505,64.42372045270602,99.46210916758787,99.7924898508575
134,1809,PESAWARAN,37.793591169465785,3913.0382188590274,64.95476796034478,99.54718058530787,99.75765643597313
135,1810,PRINGSEWU,36.46222980622141,3819.893063378615,67.36843674506133,99.73393145680583,99.8369429460891
136,1811,MESUJI,64.89899926375156,3787.5380393217883,57.08741082178588,98.80822337729158,99.74969386908617
137,1812,TULANG BAWANG BARAT,48.32767557206512,4411.317952945841,59.863264860925405,99.5565652236469,99.82228334598588
138,1813,PESISIR BARAT,57.345034442056374,4275.659346150338,63.53921446640019,99.1517530688924,99.72394358553768
139,1871,KOTA BANDAR LAMPUNG,45.3981948637972,3207.9536278758615,70.2114791185115,99.74257785619798,99.87132002489889
140,1872,KOTA METRO,40.288566490584486,3379.119891799377,70.2874807793599,99.79109536044511,99.80846807369814
141,1901,BANGKA,53.76404801628179,3708.4367213127425,56.51542758955008,99.8142442881772,99.87212887939046
142,1902,BELITUNG,44.85059656703156,3093.673908175159,59.43713046387738,99.61019360424166,99.78352164173495
143,1903,BANGKA BARAT,63.57887899202943,3893.0412564287562,61.14810755963908,99.5329060232395,99.79550458313071
144,1904,BANGKA TENGAH,50.92029710988515,3212.1248466348466,55.69606803173373,99.63946848763926,99.80909969957929
145,1905,BANGKA SELATAN,52.90709978074407,3692.0004964878676,53.76517377547975,99.5682511283938,99.76735551849482
146,1906,BELITUNG TIMUR,49.624463598837096,3364.813802910053,60.515024392031734,99.59265496989829,99.78803165595451
147,1971,KOTA PANGKAL PINANG,52.11019945501579,2973.4801188003894,61.57052557962971,99.79633914826547,99.89477939047664
148,2101,KARIMUN,66.40587456293449,3108.2951205077106,61.805484508106495,99.42344771019674,99.32077132382915
149,2102,BINTAN,67.24200717849983,3249.2813494233487,53.514224228727116,99.04574562144386,99.30893341492471
150,2103,NATUNA,77.53878125280517,3875.9304478391973,59.59438717197044,99.27058650912585,99.11823722629086
151,2104,LINGGA,85.81454896684791,3871.2398250360748,59.72324125455618,99.34644293757992,99.03876527798239
152,2105,KEPULAUAN ANAMBAS,94.94014901861162,4258.236502316444,59.263112300143725,99.54826835876455,98.93589311352562
153,2171,KOTA BATAM,65.16818396401595,3528.068374487031,65.92705696251454,99.40867667969788,99.22536241860305
154,2172,KOTA TANJUNG PINANG,67.41629037193566,2938.343893622481,69.54589307462314,99.76003714871231,99.53430110673597
155,3101,ADMINISTRASI KEPULAUAN SERIBU,29.332095586405924,3255.1130208333334,58.92962006891324,99.82970132041605,99.7943975104846
156,3171,KOTA ADMINISTRASI JAKARTA SELATAN,38.462645553613754,3240.7609768448365,63.980373088552255,99.72324183480515,99.90320594650848
157,3172,KOTA ADMINISTRASI JAKARTA TIMUR,38.523386612226176,3158.5114207300167,65.46338892976358,99.39628536942064,99.92167308387097
158,3173,KOTA ADMINISTRASI JAKARTA PUSAT,40.89232363917529,3394.0648913150644,62.55372597704213,99.5563111738409,99.8991302844366
159,3174,KOTA ADMINISTRASI JAKARTA BARAT,36.40778673040744,3302.51869079267,62.50217971410645,99.74723703160393,99.88907140312162
160,3175,KOTA ADMINISTRASI JAKARTA UTARA,38.12087356799851,3243.159291380455,60.547598157401225,99.61237852016261,99.88094832591526
161,3201,BOGOR,30.920244683026453,3356.1646118395875,60.025956344142855,99.76262450556081,99.9113649289755
162,3202,SUKABUMI,22.886642875594042,3730.531550770839,53.891748641379884,99.72909451965843,99.84607604914444
163,3203,CIANJUR,28.542512440488647,3566.0677798179313,56.034931084207784,99.79084135472738,99.86829799104098
164,3204,BANDUNG,36.4367349680785,3983.640862224289,57.65952135174308,99.78366521415776,99.92828532214925
165,3205,GARUT,41.92897819197436,4103.647026246646,57.88760320041341,99.72925351909483,99.86373711408025
166,3206,TASIKMALAYA,53.51331344655516,3949.842365375487,58.3115409683416,99.62205961258726,99.82413122744295
167,3207,CIAMIS,51.31443963577935,3732.0806763670744,56.359181779972126,99.78549757808813,99.83801011941851
168,3208,KUNINGAN,31.48827051603719,3495.571858719822,62.39156695857289,99.77043381451787,99.89889386154779
169,3209,CIREBON,37.57798096607189,3320.2574080162003,59.96072140910323,99.800208297888,99.91393839205837
170,3210,MAJALENGKA,45.74386327867319,3464.3732857118457,59.48246591635224,99.7216723354407,99.87549023018613
171,3211,SUMEDANG,43.59913827037606,3677.207138292627,56.24177560282742,99.74257838567,99.90752306557266
172,3212,INDRAMAYU,37.45153953223587,2994.9581769218985,61.89713658550011,99.73676540440621,99.91491856062389
173,3213,SUBANG,44.13254949288585,3335.559909972726,59.44025959395188,99.83154044058867,99.89403038909444
174,3214,PURWAKARTA,30.378713894162757,3211.067253159663,60.13000882618834,99.7986228883335,99.9163559924695
175,3215,KARAWANG,29.758992247735137,3582.411573191034,57.740740579125664,99.78298191017963,99.91681347083902
176,3216,BEKASI,33.968928165387005,3660.895385672785,56.20149321981791,99.7152648057376,99.92119548667108
177,3217,BANDUNG BARAT,36.442282557897855,3621.166896826333,50.50235755571886,99.75977185546583,99.91424889317742
178,3218,PANGANDARAN,59.44895881532264,3754.1719754425358,61.43880878645329,99.63292699506611,99.86169845098237
179,3271,KOTA BOGOR,31.885185219732765,3320.8551389344602,54.556356298970464,99.84680960608628,99.94127508864179
180,3272,KOTA SUKABUMI,27.824494933540045,3300.7643565450926,60.187893675848706,99.75179765737377,99.93704901646777
181,3273,KOTA BANDUNG,40.34537979943832,3385.1069550885904,61.770366075498686,99.8278692228377,99.93511896924304
182,3274,KOTA CIREBON,41.64291417751416,3153.832802407009,65.5904300131359,99.71987376286377,99.94808105249882
183,3275,KOTA BEKASI,36.428206187893785,3218.585792519556,59.444417697726024,99.79019918671742,99.94197488656481
184,3276,KOTA DEPOK,34.5099779360805,3174.930691561166,59.296229607258056,99.82195696537107,99.93713487151986
185,3277,KOTA CIMAHI,38.713233921783626,3958.896633131002,57.57087479930847,99.53137405489241,99.94130856993019
186,3278,KOTA TASIKMALAYA,44.26978365051119,3735.855506956364,53.26355576183731,99.64423168978276,99.92663242630252
187,3279,KOTA BANJAR,43.57133454072462,3293.2497306302807,56.70813663157333,99.74864227410669,99.89380730892289
188,3301,CILACAP,32.06277699732744,4144.914082441877,51.523960192503594,99.74542577161091,99.75986762383907
189,3302,BANYUMAS,34.79271338653755,3828.8420025997552,50.42331262797772,99.68903001934639,99.85909354394836
190,3303,PURBALINGGA,32.52037667728866,4052.706997804499,52.46872534163114,99.66427628108228,99.81496375106738
191,3304,BANJARNEGARA,39.88373995030883,4345.650498524068,45.125091571734984,99.5339830696891,99.80548759282152
192,3305,KEBUMEN,35.61049228386365,4193.875984829956,54.67729664692285,99.63724522326605,99.73197687753309
193,3306,PURWOREJO,42.97823069357278,3919.9394529726274,56.625895237377314,99.63914346374857,99.75327823841369
194,3307,WONOSOBO,41.03996930006882,4029.612605060203,54.45799041355895,99.52489530495944,99.76823169529496
195,3308,MAGELANG,30.20376911517753,4008.695162036719,47.29393718711927,99.69654546884767,99.83686235637938
196,3309,BOYOLALI,30.357158824559544,3896.3653908743363,50.49099122600588,99.72318061855745,99.80868320862754
197,3310,KLATEN,29.500456419928657,3733.4644531686927,49.33559243801837,99.77655653414286,99.86292325129153
198,3311,SUKOHARJO,32.39922242254349,3672.6861143185197,58.066407404872606,99.82420551952468,99.86377346780849
199,3312,WONOGIRI,44.65301130942217,3743.3010748308334,55.764755131497495,99.70425217927826,99.78138294145703
200,3313,KARANGANYAR,35.75982242442017,3682.9919383284514,55.16604721557002,99.73990199645013,99.8928317900928
201,3314,SRAGEN,37.40857547665922,3619.9099768185465,56.53340734430883,99.83010820969366,99.83878891639448
202,3315,GROBOGAN,35.49572038852929,3659.907143545619,56.622108752186264,99.65032712563068,99.80762081354075
203,3316,BLORA,39.78292950577739,3515.9382057697776,55.893051339586506,99.63536068374975,99.80286202021746
204,3317,REMBANG,39.335150094299834,3363.843154193384,58.11162955073819,99.8088479742125,99.82668160630908
205,3318,PATI,39.52270540260679,3642.0024988747004,54.26611355764095,99.63291066818866,99.84972745909982
206,3319,KUDUS,24.26302942253006,3588.521226709759,57.35716543943076,99.79138456104133,99.84425165315842
207,3320,JEPARA,36.38673221422056,4087.312700245589,52.65614566570086,99.64597339157899,99.8609772868711
208,3321,DEMAK,25.25859266362604,3545.801110003019,54.94837976985045,99.69016504936258,99.81601813690058
209,3322,SEMARANG,29.6234497026466,3546.1410173906684,54.103195989808526,99.77506435171983,99.86183295573302
210,3323,TEMANGGUNG,34.09754401359438,4422.426642962324,53.78589072306744,99.70736468891366,99.84493203907117
211,3324,KENDAL,28.768888531934422,3753.6410900709825,51.87490020801342,99.72178918066157,99.8546128154262
212,3325,BATANG,37.363103300837665,3845.2301613404297,57.30543102900192,99.73672834140899,99.82515320716278
213,3326,PEKALONGAN,23.98309221788029,3840.8859759019297,59.51264117872021,99.64916801230137,99.7933530322129
214,3327,PEMALANG,29.891786334948755,3909.648152417285,59.09235193751773,99.67436201697622,99.81863721122558
215,3328,TEGAL,25.123204152282185,3890.6459275143643,56.079824039156776,99.62551789525475,99.8868293386038
216,3329,BREBES,26.657704187479194,4087.1143285945172,57.04066490188083,99.5539177995677,99.79387802282984
217,3371,KOTA MAGELANG,31.405594976387913,3433.2524290714737,58.51512643252839,99.78617533425324,99.91644197494219
218,3372,KOTA SURAKARTA,33.03473890410423,3384.1664578636805,53.79131119923303,99.72563360957037,99.8676348258246
219,3373,KOTA SALATIGA,33.06710657571651,3750.7631637827935,59.90494431975908,99.8074999756667,99.94858321833368
220,3374,KOTA SEMARANG,34.03375596281227,3421.242454642107,61.01201357670965,99.6825360180691,99.94585490529471
221,3375,KOTA PEKALONGAN,23.499634383589942,3542.402452619477,59.07394693377507,99.81200793596949,99.95165425625429
222,3376,KOTA TEGAL,28.91403169872326,3521.1266941042527,56.0014588124498,99.68064341492969,99.98123961941121
223,3401,KULON PROGO,37.505656594556555,3919.023113094037,48.00051446114554,99.61906762908232,99.78010117363644
224,3402,BANTUL,30.48464628818109,3436.2393978824916,58.9361795679465,99.7819838689014,99.8923731687367
225,3403,GUNUNGKIDUL,33.447535167325235,3754.5437149202535,51.96162427919582,99.61832080411895,99.73226842115916
226,3404,SLEMAN,34.02881831876741,3595.5798253387256,50.97542623086907,99.75323508524124,99.9121136824805
227,3471,KOTA YOGYAKARTA,38.91966899504269,3451.796934701406,55.921810801005066,99.63860387106706,99.9485780753453
228,3501,PACITAN,51.37740941092038,4032.2564537170874,49.02004017019236,99.46371362201522,99.57018827003418
229,3502,PONOROGO,41.071235656183035,3599.9804642199406,61.61932399710511,99.65216146556818,99.79650398343446
230,3503,TRENGGALEK,55.984190435369214,3306.049569708404,58.17203737823306,99.73036802915365,99.80746228727382
231,3504,TULUNGAGUNG,35.774588240655554,3370.8508708084846,64.41810523845588,99.80631462384625,99.86504833057018
232,3505,BLITAR,32.66896530288879,3546.225961357274,59.9929563370421,99.69888849082456,99.80431379344326
233,3506,KEDIRI,33.87867832786008,3393.0658281195756,61.102409595920435,99.3528547617924,99.81356956922649
234,3507,MALANG,39.18595722104161,3485.433067472671,59.72374726880036,99.75865108737551,99.85703889323946
235,3508,LUMAJANG,41.822674135871395,3218.888484647277,49.89011180536811,99.68788072083396,99.8019836624621
236,3509,JEMBER,52.356859109027326,3700.012730133644,58.870284783946275,99.74676962422058,99.8009696146359
237,3510,BANYUWANGI,53.5919867522773,3349.9349926421664,57.438495314767,99.78756614466704,99.83501500090968
238,3511,BONDOWOSO,56.616601016516775,3703.379029532454,55.006257263580125,99.76414044252397,99.77634712520249
239,3512,SITUBONDO,53.41266932179278,3641.7995246759256,55.42879776096058,99.11759294269581,99.80044010512317
240,3513,PROBOLINGGO,50.08141460101675,3807.5011686075104,51.25668059765974,99.45693178222899,99.78976353285931
241,3514,PASURUAN,34.42400885609153,3502.8328875122043,58.02787607849964,99.65253396274458,99.78746222480333
242,3515,SIDOARJO,32.57732571801658,3461.4738244761197,59.14170955418711,99.82948374548621,99.77120968538148
243,3516,MOJOKERTO,28.071441890344893,3588.2458408586913,59.6145919015173,99.82972647634092,99.87903607505626
244,3517,JOMBANG,31.687594181114687,3523.2703555277976,58.627931629211886,99.7488938301696,99.83107750850266
245,3518,NGANJUK,35.270740751890045,3663.518520275404,53.896350159855174,99.34489514256853,99.81256843488572
246,3519,MADIUN,39.92637652582668,3556.8542201233695,55.45117087104949,99.78420183245808,99.82840922298871
247,3520,MAGETAN,37.61754796537208,3580.7404625461877,54.63422204996765,99.72649470433448,99.67554672538023
248,3521,NGAWI,39.144539904999526,3497.8667350324877,56.17300715645005,99.74931220144032,99.79260485586161
249,3522,BOJONEGORO,41.10709959343443,3529.396441353626,58.54324070156215,99.72971494065739,99.81535865103544
250,3523,TUBAN,37.561241812496796,3744.0152015535377,58.5026454239982,99.78345886256503,99.80846981476992
251,3524,LAMONGAN,30.715041112991713,3402.2138445789515,55.42911691651237,99.80103816963123,99.84095895681313
252,3525,GRESIK,35.18988964067618,3593.032946253773,60.05289915402687,99.78403784514225,99.86888694818204
253,3526,BANGKALAN,34.071224343475514,3791.4761119890436,55.921129393797216,99.74589052924358,99.7866392147033
254,3527,SAMPANG,27.756299514250934,4137.919088695263,58.72807244886313,99.74879082107302,99.82108795666232
255,3528,PAMEKASAN,33.34602270014082,4076.9090554694767,56.66908603328652,99.7376373075694,99.79660712672273
256,3529,SUMENEP,33.90828250782016,4117.613486275736,55.13827270158578,94.05240929498609,99.67815668168147
257,3571,KOTA KEDIRI,38.0441792854962,2954.039299168091,66.33549051567726,99.85730282430256,99.78187881911218
258,3572,KOTA BLITAR,33.81859983208598,2867.8519239556745,70.48034444997992,99.82076663030227,99.92542725111305
259,3573,KOTA MALANG,38.330577839960526,3224.152322324189,66.25849007554766,99.84032214191707,99.92727987477039
260,3574,KOTA PROBOLINGGO,46.43904213055862,3367.4828058269577,59.50153223988964,99.90121355460303,99.82530921989253
261,3575,KOTA PASURUAN,39.934106371635195,3676.607343061529,62.82749084748115,99.8178051785895,99.9256117572351
262,3576,KOTA MOJOKERTO,27.96845184238083,3609.189634698162,60.18363113697983,99.86490771059661,99.8901790477758
263,3577,KOTA MADIUN,39.21103813010218,3113.573539894619,57.94112209197253,99.93283625543975,99.9215892285709
264,3578,KOTA SURABAYA,34.8409214915795,3610.1983656404836,58.594809595771665,99.79291039104551,99.90573024210494
265,3579,KOTA BATU,41.113503832980825,3272.5652601707475,62.72002730278756,99.78266244297197,99.89732241587771
266,3601,PANDEGLANG,31.20811353386516,3413.222592123835,59.22158292418226,99.48043897352916,99.80237884391211
267,3602,LEBAK,26.21543634080569,3339.569722041728,53.73781168471662,99.57658362432034,99.85445236540994
268,3603,TANGERANG,33.82997118897108,3330.3673475017094,59.50685326943486,99.73894665493461,99.91994063234888
269,3604,SERANG,29.052226528318243,3503.326975519045,57.320721702937284,99.70289646198918,99.90394154365258
270,3671,KOTA TANGERANG,37.301880331883574,3315.27882850789,58.22970117877095,99.81086376977821,99.93316484863081
271,3672,KOTA CILEGON,34.75302951035301,3263.1820466318286,64.10053008735446,99.73490766077623,99.92074403362497
272,3673,KOTA SERANG,30.49467881242112,3242.922626450636,58.897707369565495,99.8627894997056,99.91621177556208
273,3674,KOTA TANGERANG SELATAN,35.8797413942427,3238.557592388742,61.93111793319129,99.7942374648444,99.92617151288488
274,5101,JEMBRANA,33.440036036336906,3974.877769360269,56.76229769784683,99.62215385047415,99.79553942116803
275,5102,TABANAN,34.59291024354034,3807.3698730368315,54.91335880654195,99.73271186768048,99.78731872512442
276,5103,BADUNG,40.87844493147436,3574.6456229970026,55.47104291184817,99.72784667693642,99.8237597152897
277,5104,GIANYAR,47.15175322618744,3689.317213236489,55.71764957622624,99.78465223237004,99.84180333387782
278,5105,KLUNGKUNG,50.146178614367244,4156.382703823953,55.87978002309699,99.7347580967685,99.73758255207305
279,5106,BANGLI,69.1482890228865,3656.257259168035,53.36538979417797,99.74339248969386,99.78764790116453
280,5107,KARANGASEM,51.571860345468295,3849.5974584674577,51.382570336829346,99.7305434779044,99.74527915868286
281,5108,BULELENG,38.11993936326493,3334.1555327130445,56.983758748613,99.79416420540042,99.86995696315454
282,5171,KOTA DENPASAR,38.768418213856954,3511.7873854144245,57.97106610493559,99.69602208786264,99.9025955942017
283,5201,LOMBOK BARAT,25.54877891565606,3671.5703606967163,60.833743557422096,99.54346944839406,99.8852581010914
284,5202,LOMBOK TENGAH,22.815744685227507,3797.978987857261,62.144654543439806,99.61887361024571,99.80740785005267
285,5203,LOMBOK TIMUR,18.42109365533139,3392.902826960547,67.9864386399573,99.63422275783296,99.88955015087558
286,5204,SUMBAWA,70.11666521028118,4230.939510989314,57.42536471304454,99.73683623553245,99.89141599748064
287,5205,DOMPU,77.08858453537611,4521.75799107483,55.63487019430565,99.46914093926353,99.8342228242193
288,5206,BIMA,84.85646364366352,4591.194220004052,51.35112336508536,99.6186753572274,99.87454722329375
289,5207,SUMBAWA BARAT,77.99802844886086,4493.551754576778,57.54691079389607,99.63372180557816,99.93163363611103
290,5208,LOMBOK UTARA,38.65152518578636,3565.6013002283007,59.549430366337,99.62742037757374,99.88419436707272
291,5271,KOTA MATARAM,33.84460668706673,3431.4635975066803,60.28323127890734,99.75856012055772,99.94335187643776
292,5272,KOTA BIMA,73.27220643503316,5045.120604916456,55.79972831875503,99.7116497463771,99.92230762489696
293,5301,SUMBA BARAT,80.18144499178982,4062.489880952381,57.56745646708315,99.27815691644616,99.65572266238672
294,5302,SUMBA TIMUR,79.5071958781739,4966.203981937602,56.615156576436135,99.38028374663682,99.75773815988592
295,5303,KUPANG,72.115353674711,5255.537239229025,51.780422026540975,99.57427351696509,99.68142357812974
296,5304,TIMOR TENGAH SELATAN,83.04917942848977,4824.436780143093,50.354677364610104,99.24506907884836,99.53134738633443
297,5305,TIMOR TENGAH UTARA,66.10372194854953,4964.40419047619,49.58170269159983,99.48866019886941,99.73497388619272
298,5306,BELU,93.80404413594067,3776.579081143952,52.418702407867904,99.7075100241854,99.79240027924595
299,5307,ALOR,88.06722902032234,4944.15827175698,50.87821707060465,99.66824955182264,99.76026572007964
300,5308,LEMBATA,98.41913936957042,4749.6724069512875,52.422632327780086,99.4202962791251,99.84376111636868
301,5309,FLORES TIMUR,87.84565961451571,6288.37526683087,52.22404945395139,99.61433704379928,99.81751097409023
302,5310,SIKKA,81.52430617632923,4570.440615079366,54.03300651825451,99.6052774576651,99.77431212856382
303,5311,ENDE,76.84210170216345,4850.060586219336,51.69591920170635,99.3990175104797,99.69703243210327
304,5312,NGADA,70.53948605672744,4884.992644557824,55.51364434864706,99.44181175855975,99.82333763950687
305,5313,MANGGARAI,78.97881553367975,5282.050641534391,51.80158554059575,99.44204681586167,99.74982939517376
306,5314,ROTE NDAO,90.13998357963875,4428.5,53.58658573503382,99.41841216453084,99.83327495454928
307,5315,MANGGARAI BARAT,70.3522481101215,5320.261419043918,50.59882985340535,99.44652100608529,99.66573973908305
308,5316,SUMBA TENGAH,72.09770114942528,4049.790246212121,54.63564887718549,99.03961951024633,99.56276980283971
309,5317,SUMBA BARAT DAYA,76.96740137257379,5472.73525,49.20245841853135,98.77672345777896,99.38546753348052
310,5318,NAGEKEO,87.10260859829825,6236.187027777778,54.213518239068875,97.6154996532171,99.79527267723752
311,5319,MANGGARAI TIMUR,83.34904670680532,7737.417616642617,45.95751677828238,98.97189173896729,99.63106036036237
312,5320,SABU RAIJUA,88.04597701149424,3801.7731481481487,53.975952057095725,99.38565513329334,99.66028761282956
313,5321,MALAKA,85.14230979748221,4916.256843800322,50.84375823466293,99.40982119172904,99.68103373270324
314,5371,KOTA KUPANG,73.95731380912821,3741.6793481886543,56.060976241571254,99.63463140380478,99.90307723500723
315,6101,SAMBAS,39.860699929484646,4068.9463411938245,48.84253849959464,99.63472632461517,99.43882498373793
316,6102,BENGKAYANG,48.819916079571954,4818.51343915344,49.469521512195925,99.68678009323911,99.20187659141453
317,6103,LANDAK,49.269480347243416,3850.5364723239727,50.44577461927872,99.53699889973882,99.16644891678914
318,6104,MEMPAWAH,28.49193760048285,3572.6130313205317,48.765889552125095,99.91529422985599,99.61137522388252
319,6105,SANGGAU,49.102221687030294,3978.643917885377,50.71652217264169,99.66091705541794,99.15280186510702
320,6106,KETAPANG,57.884016715209285,4738.172655140195,48.108619626503966,99.15257498160565,99.011247755091
321,6107,SINTANG,41.015388537478074,4596.633114368522,50.99569580732374,99.51669100903408,98.98374204159336
322,6108,KAPUAS HULU,57.634048203111654,4903.884114450364,48.94742503054708,99.48011551946664,98.96103199610289
323,6109,SEKADAU,60.532295675353744,4951.002828179164,46.15110817393138,99.72121788298773,98.93628209436709
324,6110,MELAWI,54.028556202533935,4484.720978835979,55.20798979280005,99.75848049687264,99.2904110386101
325,6111,KAYONG UTARA,61.482096526932935,4486.962660782703,53.82963378823216,99.7106544533143,99.33965818201425
326,6112,KUBU RAYA,38.06994218214738,3687.364046322292,53.989109766547095,99.74309457053766,99.3541431725329
327,6171,KOTA PONTIANAK,41.36554281781131,3171.2988662616913,65.09522564828602,99.87366846330525,99.7291984331882
328,6172,KOTA SINGKAWANG,31.38380377796851,3173.6595534874486,53.61143446334327,99.88543211922678,99.7102540803717
329,6201,KOTAWARINGIN BARAT,57.64271349021165,3752.3629397316295,60.18786105569475,99.44777625308305,99.34802341928675
330,6202,KOTAWARINGIN TIMUR,50.88567392643256,4106.106335763436,54.09813146257881,99.68525578101551,99.1480095370658
331,6203,KAPUAS,67.60548634282057,4642.589028226992,56.87807310362553,99.4666556390844,98.93285397662478
332,6204,BARITO SELATAN,80.65763086272415,3804.8139740243423,50.412632545259555,99.77539104821113,99.34518658563904
333,6205,BARITO UTARA,75.68326798813602,4454.797857601463,54.61491240275019,99.60722022823091,99.23569399304196
334,6206,SUKAMARA,62.89985392907364,4868.75553171286,53.68361456932743,99.50884680751258,99.02057779920614
335,6207,LAMANDAU,75.65854421985864,4483.468545574796,51.33091720890931,99.08343942790171,98.17335119648232
336,6208,SERUYAN,73.62113483000098,4767.8956454733,50.38287385962266,99.34530745506537,98.97985239574248
337,6209,KATINGAN,64.47100727132991,4648.498288065994,54.55391989060733,99.65114700862398,98.94206173630442
338,6210,PULANG PISAU,73.53382002715873,4749.284002854445,55.57133005981073,98.90959832776224,98.89499227923787
339,6211,GUNUNG MAS,82.23365821248015,4358.53427049802,56.63566071989817,99.55848896849264,99.09004239567918
340,6212,BARITO TIMUR,73.3715658326071,3830.2798107448098,53.21189195701515,99.43446659763676,99.26412825686029
341,6213,MURUNG RAYA,77.13139027319758,5268.466566612855,51.644567906416,98.96613812866042,99.11193639661144
342,6271,KOTA PALANGKARAYA,54.87897100882505,3382.096950140616,61.2825004937581,99.71958099497571,99.80163270435071
343,6301,TANAH LAUT,45.61272369118531,3893.004664171869,54.231585950860655,99.51682501018217,99.49267845237173
344,6302,KOTA BARU,62.62826111299732,4292.186970191548,55.838764508074135,85.3055306202989,99.0463901481688
345,6303,BANJAR,43.65261041558966,3498.4286865443228,59.53211501813188,99.7973244751948,99.63118830167409
346,6304,BARITO KUALA,41.95150733377141,4037.033073838427,59.46544297967293,99.78890525917532,99.45150114221164
347,6305,TAPIN,48.998352439869095,3914.878907197047,53.9369627264017,99.78666548871674,99.5177578208778
348,6306,HULU SUNGAI SELATAN,48.97522327834983,3704.2506392280166,54.12480521719512,99.85426875940311,99.54711497348563
349,6307,HULU SUNGAI TENGAH,47.287396692184615,3402.6729173291305,56.31204724135354,99.84221843716503,99.58169975466396
350,6308,HULU SUNGAI UTARA,45.1340385232605,3707.5059524101343,58.72856045755188,99.88024731476108,99.57448751155478
351,6309,TABALONG,53.17104485580406,3698.595786385875,55.781269332326346,99.61738251929378,99.51689736533436
352,6310,TANAH BUMBU,63.32299414874162,4353.682672661684,57.05643260259255,99.7001867819207,99.40766606698733
353,6311,BALANGAN,56.406526527722036,3757.0121206571202,54.85728643334025,99.77886203624152,99.41328094679048
354,6371,KOTA BANJARMASIN,39.54510463080278,3429.8620244230883,63.74064769517031,99.92505918679385,99.77381302488695
355,6372,KOTA BANJARBARU,49.3506753803986,3638.9267531523283,62.152855782425306,99.70506422975399,99.78917573406594
356,6401,PASER,74.17041194256397,4066.5148747339526,60.90022736210963,99.63196497768388,99.13039966995427
357,6402,KUTAI BARAT,83.83855905353083,6021.345523509293,48.72213891833177,98.70468808574988,98.0597021669717
358,6403,KUTAI KARTANEGARA,75.06054427983369,4664.538283076643,56.62893998490587,98.28030758751872,98.72482172287908
359,6404,KUTAI TIMUR,79.73197378021703,5221.7120368219,52.016794899247415,99.41778948341783,98.27590176294186
360,6405,BERAU,89.9217842674329,4736.249364185965,58.54710636277791,99.05916699644719,98.92839169055455
361,6409,PENAJAM PASER UTARA,63.553857274306225,4297.025136287969,52.60107770302795,99.3900162912784,99.2530804874042
362,6411,MAHAKAM ULU,96.36015325670499,7798.085248173344,46.95070054455428,99.00459110488805,98.39521228547764
363,6471,KOTA BALIKPAPAN,60.57956793566651,3501.0149624444084,69.71551741440135,99.6268647167955,99.6674134018559
364,6472,KOTA SAMARINDA,67.52656553778041,3882.5489256056317,62.2934747870794,99.49545502305119,99.60626510841834
365,6474,KOTA BONTANG,75.74536445721179,3708.203223602005,62.764641807425285,99.60212856174509,99.68333631819276
366,6501,MALINAU,86.726009518379,4707.369663900914,54.14468430227914,98.49847823162104,99.00345052266566
367,6502,BULUNGAN,93.54395773500522,5267.766946632882,52.322752965065256,99.1241505712405,98.95673557103224
368,6503,TANA TIDUNG,73.15832605715973,4373.983505291006,51.52020894813482,99.52462750359334,98.29667262990436
369,6504,NUNUKAN,75.65930517285588,4939.883759346616,57.63158912487056,99.14375425504524,98.58164189677808
370,6571,KOTA TARAKAN,86.68913222441955,3830.921316898155,58.636087178796295,99.7055552193728,99.27594948912005
371,7101,BOLAANG MONGONDOW,69.59601842466554,3395.9389880952385,65.722609603238,99.62195258780197,98.92428010905539
372,7102,MINAHASA,62.96423581300982,3637.4130334375877,63.27109891759545,99.56181339017434,99.6532947307996
373,7103,KEPULAUAN SANGIHE,99.87179487179489,5252.060541450886,57.03606696469244,99.34058391983893,99.41830222499792
374,7104,KEPULAUAN TALAUD,96.55172413793103,6006.780444376027,53.00176432077063,99.12206011529742,99.46392058220864
375,7105,MINAHASA SELATAN,59.76437011354842,3811.431094877345,61.655055813427616,99.6872363377509,99.62688076162945
376,7106,MINAHASA UTARA,72.78067975636964,3588.2386786035313,60.75392090307179,99.49299923872266,99.64308857174862
377,7107,BOLAANG MONGONDOW UTARA,66.3510038811763,4151.946103395062,64.92115095288183,99.53261393671374,98.65377409251474
378,7108,KEPULAUAN SIAU TAGULANDANG BIARO,81.37931034482759,5446.315036231885,56.14538210184351,99.03772941520751,99.18425200989634
379,7109,MINAHASA TENGGARA,54.38872404738553,3660.177019557823,65.92440536256285,99.68582111645927,99.46514439608268
380,7110,BOLAANG MONGONDOW SELATAN,47.927645789714745,3834.4833968253965,62.14567630622012,98.98648551448838,99.04866227664408
381,7111,BOLAANG MONGONDOW TIMUR,57.899953973229835,3756.703724580018,61.90826795512818,99.69047538556977,98.87712307037879
382,7171,KOTA MANADO,59.56416033254695,3820.4927494982626,60.07596882587622,99.28684368461562,99.7722580062292
383,7172,KOTA BITUNG,67.46089782333522,3979.454171800422,67.23469667675349,99.44083028976536,99.73357222832705
384,7173,KOTA TOMOHON,75.32726796069736,4194.6143388524,64.21814407193489,99.66653336008577,99.82361501088687
385,7174,KOTA KOTAMOBAGU,68.57879776241401,3752.052474581612,68.70782350416056,99.6947446751021,98.8924141504642
386,7201,BANGGAI KEPULAUAN,100.0,4337.995335097003,49.026207381173975,99.47324903994001,99.41887777686091
387,7202,BANGGAI,77.11079695121683,4285.409768354028,57.593022759779686,99.62530573116305,99.56081842479658
388,7203,MOROWALI,62.491864510742516,4521.296311519589,52.14341457685161,95.39502109629743,99.19565040013708
389,7204,POSO,68.02390789758735,4099.943567682318,53.133840417549024,99.10546364544288,99.48661877952081
390,7205,DONGGALA,66.36348701887285,4141.327476551227,55.41972497568315,99.43837972667187,99.39025828497256
391,7206,TOLI TOLI,90.0459096822043,3844.7121315979766,48.580000533245865,99.532798496707,99.2943320720783
392,7207,BUOL,97.04561764819834,4100.485555555555,50.53086132113275,99.25991246981499,99.3553284596859
393,7208,PARIGI MOUTONG,63.23987267296253,4237.85783348288,56.447256478451536,99.28492833355955,99.34843220660416
394,7209,TOJO UNA UNA,89.84589171375896,4275.501714852608,52.86089737696413,99.39775052818756,99.59171388485886
395,7210,SIGI,63.45238268197052,3653.3289186970437,53.53692677532548,99.30949183131109,99.55546384507343
396,7211,BANGGAI LAUT,99.02059386973178,4530.845206243033,51.139405396358015,99.22497210991,99.60047437474965
397,7212,MOROWALI UTARA,78.29605630517509,5374.648537570817,54.57426898966565,98.77517734428307,99.12113473030581
398,7271,KOTA PALU,71.54420649750695,3587.2569774909025,55.32015642302302,99.48180010919921,99.76523394712902
399,7301,KEPULAUAN SELAYAR,71.46719481360881,4827.421832238642,52.744354895098084,99.52518908770776,99.42488909388868
400,7302,BULUKUMBA,40.498861475135215,3705.5011527864835,55.24747142672132,99.65756729914904,99.40882579666211
401,7303,BANTAENG,47.90066882349652,4141.97234079743,57.422981678861426,99.61468513417931,99.15431118483772
402,7304,JENEPONTO,38.50130872005645,3743.1898385410886,53.224825963756516,99.54490720883777,99.2935057532829
403,7305,TAKALAR,45.4210798475263,3618.5862490287486,52.08679828510202,99.80213280573112,99.49212518073898
404,7306,GOWA,48.795046221340314,3632.754069029208,60.81729595674936,99.66707148563412,99.67746296147018
405,7307,SINJAI,62.00177070113489,4022.748286435787,58.74844587095336,99.50080967994123,99.43434891907208
406,7308,MAROS,52.419694929869515,3231.4753969065823,55.48873110492946,99.68906091771542,99.467929647555
407,7309,PANGKAJENE DAN KEPULAUAN,46.104501798514235,3881.0081297100587,57.432202698146575,99.6887997056881,99.3590637984152
408,7310,BARRU,56.86454281382835,3726.1543819715853,59.927428031473696,99.80776705490536,99.32932572505304
409,7311,BONE,57.08238631751289,3336.57268088652,52.53761236137781,99.73630300886947,99.41856958543164
410,7312,SOPPENG,51.04435554729177,3342.6062640586542,64.49922360087379,99.61541962730092,99.33163275668423
411,7313,WAJO,62.00053235135683,3351.3037393029017,52.9171837936141,99.74884346961935,99.37335374343672
412,7314,SIDENRENG RAPPANG,62.103223134330946,3523.042523206641,65.59943649828438,99.79138490844286,99.63139850445224
413,7315,PINRANG,56.42427926538603,3380.6526315470874,65.63316498833126,99.77738820107416,99.64741190423203
414,7316,ENREKANG,76.40749976432612,3751.1758647341803,57.23729454369784,99.53445027188549,99.54674097488802
415,7317,LUWU,62.97626418879337,3556.6135437993235,60.331992544404734,99.5550955708621,99.49101377611468
416,7318,TANA TORAJA,79.22836190294915,4666.9014077126585,58.34286597187183,99.5805499768505,99.5593918144086
417,7322,LUWU UTARA,65.37421877064114,3370.1397273328525,58.06161398989707,99.73559668235984,99.37415521260954
418,7325,LUWU TIMUR,78.67971595148774,3396.415594139752,65.86631501946273,99.36299183434582,99.41424510798558
419,7326,TORAJA UTARA,77.59505696016853,4263.592142857143,51.55392593579488,99.32949171665561,99.4492430660562
420,7371,KOTA MAKASSAR,57.07685380162465,3104.7911056391104,61.36295989825949,99.77671072082912,99.81223187521795
421,7372,KOTA PARE PARE,63.14518473478123,2915.6630192547104,61.26313824571902,99.84148375430546,99.74216990283806
422,7373,KOTA PALOPO,63.04741625480093,3321.0903912729564,65.49914357711694,99.83837169019341,99.76134555741382
423,7401,BUTON,97.34324983996704,4221.282848248496,57.060769952768766,99.38216604313942,99.18883398691416
424,7402,MUNA,85.46722678326583,3861.4939949864947,60.24014137503366,99.58342386850214,99.35690435671647
425,7403,KONAWE,73.9575255992579,4058.691083438047,55.149074033367874,99.5493677718071,99.63136485863127
426,7404,KOLAKA,74.04633467581542,3809.4684667638567,56.30828147233795,99.10496970945422,99.62733918916138
427,7405,KONAWE SELATAN,76.85143268736735,4271.062674676472,52.049740583519885,99.43084850858209,99.44867980054904
428,7406,BOMBANA,90.37008998865342,4675.842348042752,55.28490528334868,98.0884420649383,99.44242003293809
429,7407,WAKATOBI,100.0,4623.6474074074085,51.94491466887975,96.09656700195383,99.41103648726471
430,7408,KOLAKA UTARA,81.4548530573472,4490.325426887926,54.73896847132379,99.63581949096236,99.41707495429873
431,7409,BUTON UTARA,99.82758620689657,4858.277742504409,53.75433325847605,98.48051884377608,98.78484812706155
432,7410,KONAWE UTARA,89.02289946783364,4721.005507189171,53.62177019145324,85.07091820543953,98.99542017682964
433,7411,KOLAKA TIMUR,88.07310409896616,4639.224314906039,48.87198842990526,99.75003265247244,99.35681056163793
434,7412,KONAWE KEPULAUAN,74.5823754789272,4675.640350877193,52.38814488090286,99.78009964858957,99.26969708264974
435,7413,MUNA BARAT,89.47964902275248,4756.932861247948,52.95695341100366,98.58508073112822,99.04467186907831
436,7414,BUTON TENGAH,91.37940053241778,3828.8657593795087,55.492128126244594,99.45003876109979,99.4720160903028
437,7415,BUTON SELATAN,100.0,5521.843478835979,56.91502230851951,99.52857201201884,99.46482483177203
438,7471,KOTA KENDARI,78.2131257840982,3543.6232548210514,54.71857545421991,99.54172746986896,99.79231057404505
439,7472,KOTA BAU BAU,91.58025519167087,3469.889999773285,63.22592379089399,98.61303686900825,99.66815968329082
440,7501,BOALEMO,92.03931231067205,3808.9097656414465,63.61073465658766,99.61601384429332,99.59595285366672
441,7502,GORONTALO,70.97407293562266,3782.405183801693,61.36670502945176,99.42628760511694,99.66683305935132
442,7503,PAHUWATO,83.6104397284902,3811.362466653716,66.37346496609888,99.78944413729367,99.71030139618244
443,7504,BONE BOLANGO,79.96828311030126,3837.9709121434125,61.02718363470541,98.93056122177367,99.6051179384378
444,7505,GORONTALO UTARA,87.20530755729081,4532.249083880679,62.68945041954445,98.95956074011804,99.5464399930233
445,7571,KOTA GORONTALO,70.21440099130889,3412.177154900232,63.00458523258911,99.45112212292514,99.7953074165857
446,7601,MAJENE,69.93974678805003,4154.930342389092,55.20077642823695,99.75982477022771,99.57648538924724
447,7602,POLEWALI MANDAR,58.18591745102464,3331.7739505056475,58.49121524906064,99.72344127386329,99.62028501875062
448,7603,MAMASA,85.41716425337115,3909.080675971538,56.95872353341414,99.25341993291978,99.24140292044899
449,7604,MAMUJU,81.00290082280625,3504.7955729075325,43.56801170935994,99.70709995950297,99.52442150601621
450,7605,PASANGKAYU,63.53422759454497,4141.1480606430605,54.0893031195516,99.67344068998867,99.44152844102632
451,7606,MAMUJU TENGAH,66.81287148558555,4077.6234571909567,46.90193605956889,99.07974352749136,99.53405970927676
452,8101,KEPULAUAN TANIMBAR,99.23792682413372,3837.393180555556,51.860084315425226,98.45107805769926,99.40985767581604
453,8102,MALUKU TENGGARA,97.65517241379308,3498.7706086956523,55.99842210148833,99.12143233074468,99.68565686457046
454,8103,MALUKU TENGAH,97.75882731696807,3955.8275919682173,58.79090840398177,99.38555986629603,99.53092163754607
455,8104,BURU,100.0,3797.255865947476,63.39282249534816,98.84103198480571,99.26730502697521
456,8105,KEPULAUAN ARU,96.28237423496046,3254.973958333333,54.77955603112892,99.82282410883082,99.80674733286023
457,8106,SERAM BAGIAN BARAT,99.6029945553539,3998.1046320346313,59.56500893128991,99.33493890029169,99.38800913828078
458,8107,SERAM BAGIAN TIMUR,100.0,5002.53263546798,51.515126471293804,99.03732853800099,99.40735815409334
459,8108,MALUKU BARAT DAYA,96.55172413793103,6016.829322638147,50.52363062843489,98.18858181757051,99.42012060120862
460,8109,BURU SELATAN,100.0,6033.3625,54.56288164306231,98.05439813428617,99.07241516162455
461,8171,KOTA AMBON,85.0305691891233,3618.474927400116,58.78327490697323,99.7011532535618,99.79705965927079
462,8172,KOTA TUAL,97.97332935263968,3733.2360449735456,59.35810897289572,99.81561878437806,99.76323809803301
463,8201,HALMAHERA BARAT,95.64520824003583,5591.592753623188,58.248549034475175,98.99440017585468,99.33148900229864
464,8202,HALMAHERA TENGAH,100.0,6567.885883536916,55.246467629453676,96.52910642682772,99.48649798797555
465,8203,KEPULAUAN SULA,98.33333333333334,4599.85042989418,57.790176943620516,99.3390792860626,99.15161680061749
466,8204,HALMAHERA SELATAN,98.55254280478826,6772.802835562259,53.75703167484609,98.96535436165728,99.15267015846078
467,8205,HALMAHERA UTARA,99.5369142351901,3934.1520162381184,60.56142462525783,98.99549901194848,99.33116210628822
468,8206,HALMAHERA TIMUR,100.0,5028.933598484848,59.31557674811759,99.07606151627618,98.96619264191804
469,8207,PULAU MOROTAI,100.0,5285.717535051156,57.310204425643235,99.4967195888724,99.44761554112566
470,8208,PULAU TALIABU,99.54536124794745,5370.930208333333,54.56343002782429,99.42943488767887,99.42030310864112
471,8271,KOTA TERNATE,97.31921650609455,4333.801700099008,53.72413290845151,98.8900514656633,99.67045766410102
472,8272,KOTA TIDORE KEPULAUAN,96.13170507934706,3679.127329846079,63.738244025661864,99.53592096718273,99.4061017116656
473,9101,FAK FAK,99.75626289419392,3857.7819444444444,58.06326623329283,98.48551746637617,99.53332018877632
474,9102,KAIMANA,92.92282430213466,3795.3980186480185,46.55715761854206,99.85424062786703,99.79615799240452
475,9103,TELUK WONDAMA,96.55172413793103,3999.5525000000002,55.44214198221814,99.88109333809604,99.74795350767758
476,9104,TELUK BINTUNI,93.0845957156809,3906.8613095238093,56.72985888956672,99.2172626679476,99.63901620071906
477,9105,MANOKWARI,98.95694693132316,3936.3250098955814,56.76200893336301,99.52657551717772,99.79025755870973
478,9106,SORONG SELATAN,98.33333333333334,3777.245461771665,53.516433648289954,99.80193294020131,99.66480726753569
479,9107,SORONG,96.47100529775,4209.59482952233,59.01878455325074,99.2723839782332,99.72161464293586
480,9108,RAJA AMPAT,98.33333333333334,5480.254722222223,53.3267679239912,99.53246342919269,99.21114766835481
481,9109,TAMBRAUW,72.58620689655172,5037.933333333333,45.5121122521664,98.60985905573986,99.40913698164272
482,9110,MAYBRAT,76.20689655172413,6314.726190476191,49.27491595843767,99.44116371039627,99.53226180761212
483,9111,MANOKWARI SELATAN,95.0,4563.293560606061,56.50992271678936,99.48854338468992,99.60858364195877
484,9112,PEGUNUNGAN ARFAK,16.89655172413793,3487.05,58.7248081261432,99.76250517487847,99.41878379742806
485,9171,KOTA SORONG,97.13949832153537,3377.58387248071,58.738142530706156,99.74132890804866,99.85922033249972
486,9401,MERAUKE,98.78172641074728,4118.827059233385,57.36848632148408,99.68133517666487,99.6568848516794
487,9402,JAYAWIJAYA,99.09052126597764,10158.803974358972,30.031519021546487,95.01935659870648,99.26883704711645
488,9403,JAYAPURA,96.72349866861104,3558.2138819282573,52.961675471901806,99.6679425871971,99.77423197050311
489,9404,NABIRE,99.79563492063491,3897.7086969348734,53.019416832794974,99.03598270778002,99.7412759664436
490,9408,KEPULAUAN YAPEN,97.51956137732,3894.219871794872,53.46388821106888,99.74106168796295,99.44538221863957
491,9409,BIAK NUMFOR,99.45949644225507,4177.237590187592,57.1673577699151,99.77809752688111,99.70786475442074
492,9410,PANIAI,93.21839080459769,5052.505291005291,49.230281591752416,99.48318809648313,99.5567865744395
493,9411,PUNCAK JAYA,91.37931034482759,7285.022222222222,36.36448287424853,80.26335810126605,99.25759337799116
494,9412,MIMIKA,91.249753600932,3941.6715418769445,53.050771149441424,99.53999567157462,99.80472914453173
495,9413,BOVEN DIGOEL,100.0,5271.579952380953,50.62050430072452,99.16554955014092,99.39136515862161
496,9414,MAPPI,95.15325670498086,4765.922878787879,50.26449833239704,89.98465107572312,99.61202757076977
497,9415,ASMAT,94.94252873563218,4729.925633528265,52.739590611302596,98.28229176054667,99.5557635494549
498,9416,YAHUKIMO,96.66666666666666,9182.766666666668,32.95294301541582,93.73468503854689,99.08741731450371
499,9417,PEGUNUNGAN BINTANG,82.87356321839079,7524.354166666667,29.751450705473715,95.1609098727522,98.88311699540347
500,9418,TOLIKARA,71.20689655172413,6713.614583333334,34.94317283193163,82.57986876657057,97.57771422149915
501,9419,SARMI,96.77784619594964,4030.5818322981368,48.21087943386145,99.7254308510158,99.3691729554192
502,9420,KEEROM,98.27586206896552,3803.90687095826,50.04812329184442,99.48898283416796,99.53702997507753
503,9426,WAROPEN,71.14942528735632,6200.583333333334,51.25654955316004,99.74411294319478,99.29144474515797
504,9427,SUPIORI,52.413793103448285,5749.545138888889,47.60385959594123,99.69247004291024,99.41870408955556
505,9428,MAMBERAMO RAYA,69.08045977011494,5236.619230769231,47.1177972562437,99.68763787787583,99.20673989620978
506,9429,NDUGA,84.82758620689656,5104.814484126984,32.887042139222366,61.19047718197788,98.03363370952536
507,9430,LANNY JAYA,58.96551724137931,11683.5,43.91831126627386,97.3486820527163,99.6752824317822
508,9431,MAMBERAMO TENGAH,0.0,18247.5,30.5031001181202,97.68268302703572,99.40066858774037
509,9432,YALIMO,16.95402298850575,12952.5,37.33439910389238,97.50965830667639,99.56029284711721
510,9433,PUNCAK,45.689655172413794,3647.5833333333335,30.73657555437544,91.49336728289742,99.54089407459058
511,9434,DOGIYAI,50.51724137931035,7989.166666666666,40.016144262414755,99.43265958921876,98.72908492673838
512,9435,INTAN JAYA,74.59770114942529,6182.666666666666,,99.39664888375438,
513,9436,DEIYAI,34.02298850574713,3536.2361111111113,38.710377588319105,99.31783451482875,99.17089896501594
514,9471,KOTA JAYAPURA,96.39370184583986,3567.643494156252,56.19817588442115,99.77713396975825,99.86639516077466
